Computer hardware;CPUs;Intel
Computer hardware;CPUs;AMD
Computer hardware;CPUs;VIA
Computer hardware;Motherboards;Intel
Computer hardware;Motherboards;ASUS
Computer hardware;Motherboards;AsRock
Computer hardware;RAM;SDRAM
Computer hardware;RAM;DDR
Computer hardware;RAM;DDR2
Computer hardware;HDD;Hitachi
Computer hardware;HDD;WD
Computer hardware;HDD;Samsung
Digital cameras;Point'n'Shoot;Canon
Digital cameras;Point'n'Shoot;Nikon
Digital cameras;Point'n'Shoot;Fuji
Digital cameras;Point'n'Shoot;Olympus
Digital cameras;DSLR;Canon
Digital cameras;DSLR;Nikon
Digital cameras;DSLR;Fuji
Digital cameras;DSLR;Olympus